{"cameraMode":{"drawMode":0,"name":"Shaded","section":"Shading Mode"},"sceneLighting":true,"audioPlay":false,"sceneViewState":{"showFog":false,"showMaterialUpdate":true,"showSkybox":false,"showFlares":false,"showImageEffects":false,"showParticleSystems":false},"in2DMode":false,"pivot":{"x":238.57907104492188,"y":-201.97886657714845,"z":512.655029296875},"rotation":{"x":-0.31651923060417178,"y":-0.23918822407722474,"z":0.0828152745962143,"w":-0.914196789264679},"size":231.8840789794922,"orthographic":false}