{"cameraMode":{"drawMode":0,"name":"Shaded","section":"Shading Mode"},"sceneLighting":true,"audioPlay":false,"sceneViewState":{"showFog":false,"showMaterialUpdate":true,"showSkybox":false,"showFlares":false,"showImageEffects":false,"showParticleSystems":false},"in2DMode":false,"pivot":{"x":224.66461181640626,"y":-24.380416870117189,"z":614.487548828125},"rotation":{"x":-0.11646655946969986,"y":-0.1845066100358963,"z":0.02202579192817211,"w":-0.9756626486778259},"size":231.8840789794922,"orthographic":false}